Release,Tracks,play time in minutes
Personal Jesus,8,41.8
A Broken Frame,10,40.9
A Broken Frame,11,47.1
Construction Time Again,10,42.5
Construction Time Again,10,42.5
Some Great Reward,9,40.4
Construction Time Again,10,49.9
Construction Time Again,10,49.9
Shake the Disease,6,37.7
Stripped,7,33.3
A Question of Time,8,49.9
Little 15,3,14.4
Strangelove,8,41.1
Never Let Me Down Again,8,39.4
Behind the Wheel,7,44.6
In Your Room,3,20.9
Strangelove,2,7.9
A Question of Lust,5,24.1
In Your Room,12,68.8
Barrel of a Gun,7,49.8
Barrel of a Gun,9,60.8
Blasphemous Rumours,4,21.6
Blasphemous Rumours,5,25.0
Condemnation,7,39.1
Condemnation,9,51.6
See You,3,13.0
Enjoy the Silence,1,15.6
Enjoy the Silence,9,56.0
Enjoy the Silence,4,20.1
Enjoy the Silence,4,20.9
In Your Room,2,12.7
Leave in Silence,4,18.7
Speak & Spell,16,62.2
The Niagara Radiostation Mix,11,68.5
The Singles Tour: '86-'98 (disc 1),13,70.3
Catching Up With Depeche Mode,13,52.1
101,20,95.9
Music for the Masses,14,62.8
Get the Balance Right!,4,20.5
Speak & Spell,11,45.0
Exciter,13,56.8
Some Great Reward,9,40.4
People Are People,9,41.0
A Question of Time,5,27.1
Condemnation,4,23.3
Everything Counts: Live,7,38.2
In Your Room,4,23.6
New Life,3,15.3
It's Called a Heart,5,29.2
Songs of Faith and Devotion,10,47.5
The Singles 81>85,17,69.4
Just Can’t Get Enough,3,16.2
Just Can’t Get Enough,4,19.4
Barrel of a Gun (disc 1),4,24.9
Barrel of a Gun (disc 2),3,24.9
It's No Good (disc 2),4,22.2
Home,4,21.9
Useless,3,20.6
Only When I Lose Myself,11,71.7
World in My Eyes,4,22.6
World in My Eyes,11,66.8
The Meaning of Love,4,20.0
Personal Jesus,9,45.0
Strangelove,5,21.5
Stripped,5,25.0
Everything Counts (In Larger Amounts),3,18.4
Love in Itself,4,23.7
Love in Itself,5,27.9
Master and Servant,4,26.4
Policy of Truth,8,46.7
I Feel You,8,50.7
I Feel You,1,4.6
Violator,9,46.6
People Are People,3,19.3
World in My Eyes,7,40.4
Walking in My Shoes,8,44.8
Everything Counts,4,22.7
Everything Counts: Live,11,57.6
Leave in Silence,5,21.9
It's No Good,5,30.5
It's No Good,8,47.1
Home / Useless,3,13.8
Useless,8,53.4
Home,8,42.7
Dream On,5,26.8
Dream On,9,46.4
Dream On,5,29.0
I Feel Loved,5,33.2
Personal Jesus,8,42.0
"2001-09-23: Parken Stadium, Copenhagen, Denmark (disc 1)",10,52.4
Shake the Disease,4,25.0
A Question of Lust,5,25.0
Only When I Lose Myself,3,17.8
Everything Counts,6,25.9
Only When I Lose Myself,5,38.3
Freelove,3,16.1
Get the Balance Right,6,31.2
Goodnight Lovers,4,23.4
Home,4,20.8
Love in Itself,6,29.2
Only When I Lose Myself,3,15.3
People Are People,4,23.3
Useless,3,19.1
Master and Servant,5,30.5
World in My Eyes,6,37.6
Black Celebration,14,54.7
Songs of Faith and Devotion: Live,10,52.9
Only When I Lose Myself,5,28.4
Walking in My Shoes,8,45.3
Walking in My Shoes,4,20.6
Home / Useless,8,49.3
Policy of Truth,3,19.2
Policy of Truth,5,26.8
Some Great Reward,9,40.4
Blasphemous Rumours,5,25.0
Never Let Me Down Again,4,22.1
Never Let Me Down Again: Remixes,4,23.2
Behind the Wheel,6,34.7
Behind the Wheel,3,16.2
Little 15,2,8.7
Little 15,3,14.4
Behind the Wheel,4,19.5
Remixes 81-04 (disc 4: rare tracks),13,88.4
Gold Collection,12,76.6
Construction Time Again,10,50.0
Exciter,13,56.8
Remixes 81-04,12,78.9
Dreaming of Me,2,7.7
Dreaming of Me,2,8.1
Dreaming of Me,2,7.7
Behind the Wheel,7,44.6
Love in Itself,5,27.9
World in My Eyes,10,58.8
World in My Eyes,4,19.9
A Question of Time in Stockholm,20,99.8
The Ultimate Collection of Lost Mixes & Goretrax,18,72.6
A Broken Frame,10,40.9
In Your Room,11,63.9
Enjoy the Silence 04,6,42.8
Dreaming of Me,2,7.7
New Life,3,15.3
See You,3,13.0
The Meaning of Love,4,20.0
Forbidden Fruits: The Hedonist Mixes,8,78.2
Black Celebration,14,54.7
Speak & Spell,16,62.2
Leave in Silence,5,21.9
Everything Counts,4,22.7
Get the Balance Right!,4,20.5
Ultra,12,60.2
New Life,3,15.3
Policy of Truth,3,19.2
Personal Jesus,3,14.7
I Feel You,4,22.8
Walking in My Shoes,4,20.6
Walking in My Shoes,4,24.6
Condemnation,4,23.3
Condemnation: Live...,4,21.8
Useless,3,19.1
Useless,3,20.6
It's No Good (disc 1),4,24.8
It's No Good (disc 2),4,22.2
Home,4,21.9
Home,4,20.8
Dream On,4,19.9
Dream On,3,13.5
I Feel Loved,3,19.8
I Feel Loved,3,17.2
I Feel Loved,3,17.2
Only When I Lose Myself,3,17.8
Only When I Lose Myself,5,38.3
Walking in My Shoes,4,24.6
Barrel of a Gun (disc 2),3,24.9
Dream On,4,19.9
I Feel Loved,3,19.8
Dream On,3,13.5
Only When I Lose Myself,3,15.3
Only When I Lose Myself,5,38.3
Home,8,42.7
I Feel Loved,10,76.0
Useless,8,53.4
It's No Good,8,47.1
It's No Good,8,47.1
Little 15,2,8.7
Little 15,3,14.4
Little 15,3,14.4
Little 15,3,14.4
Little 15,3,14.4
Never Let Me Down Again,4,22.1
Never Let Me Down Again,8,39.4
Never Let Me Down Again,8,39.4
Only When I Lose Myself,11,71.7
Personal Jesus,9,45.0
Personal Jesus,3,14.7
Strangelove,8,41.1
Strangelove,8,41.1
Strangelove,5,21.5
Shake the Disease,6,37.7
Shake the Disease,6,37.7
Shake the Disease,6,37.7
Remixes 81-04,12,78.9
Oblivion,4,24.7
It's Called a Heart,5,29.2
It's Called a Heart,5,29.2
It's Called a Heart,5,29.2
It's Called a Heart,4,25.1
It's Called a Heart,4,25.1
A Question of Time,8,49.9
A Question of Time,8,49.9
A Question of Time,5,27.1
Remixes 81-04,12,78.9
Remixes 81...04,24,158.3
Blasphemous Rumours,5,25.0
Blasphemous Rumours,5,25.0
Blasphemous Rumours,4,21.6
A Question of Lust,6,29.0
Freelove,3,16.1
Freelove,3,16.8
Freelove,3,16.8
Everything Counts,4,22.7
Everything Counts,4,22.7
Everything Counts,4,22.7
Everything Counts: Live,7,38.2
Everything Counts: Live,11,57.6
Selections From the Commercially Available Limited Edition Box Sets One and Two,18,68.7
Dreaming of Me,2,7.7
Dreaming of Me,2,7.7
New Life,3,15.3
New Life,3,15.3
New Life,3,15.3
See You,3,13.7
See You,3,13.0
See You,3,13.0
See You,3,13.0
The Meaning of Love,4,20.0
The Meaning of Love,4,20.0
The Meaning of Love,4,20.0
Dreaming of Me,2,7.7
Just Can’t Get Enough,4,19.4
Just Can’t Get Enough,4,19.4
Just Can’t Get Enough,4,19.4
Leave in Silence,5,21.9
Leave in Silence,5,21.9
Leave in Silence,5,21.9
Dream On (remixed album 2001),13,79.2
Get the Balance Right!,4,20.5
Get the Balance Right!,4,20.5
Get the Balance Right!,4,20.5
Love in Itself,5,27.9
Love in Itself,5,27.9
Love in Itself,5,27.9
People Are People,4,23.3
People Are People,4,23.3
People Are People,4,23.3
Master and Servant,5,30.5
Master and Servant,5,30.5
Master and Servant,5,30.5
Blasphemous Rumours,4,21.6
Blasphemous Rumours,4,21.6
Shake the Disease,4,25.0
Stripped,5,25.0
Stripped,7,33.3
Stripped,7,33.3
Stripped,7,33.3
A Question of Lust,5,25.0
A Question of Lust,5,24.1
A Question of Time,8,49.9
Behind the Wheel,4,19.5
Behind the Wheel,3,16.2
Behind the Wheel,7,44.6
Behind the Wheel,7,44.6
Enjoy the Silence,9,56.0
Enjoy the Silence,2,8.3
Enjoy the Silence,2,8.3
Barrel of a Gun,9,60.8
Dream On,9,46.4
Exciter,17,76.0
Music for the Masses 2001: Remixes,16,65.9
A Broken Frame,11,47.1
Precious,6,41.3
Negative Images,11,68.9
Precious,2,10.0
Precious,3,18.1
Precious,3,14.2
Precious,3,14.2
"Ultra Rare Trax, Volume 2",12,68.9
Songs of Faith and Devotion: Strange Versions,10,59.7
Apologize 4.0,10,60.6
"Abstract, Volume 1",11,72.0
New X-tended Remixes,8,46.0
Playing the Angel,12,52.4
Playing the Angel,12,52.4
The Skinflutes Remixes,15,77.7
Playing the Angel,12,52.4
"Joe's Branding, Volume 1",26,146.0
Enjoy the Silence 04,3,10.7
New Remixed Mode,14,78.7
The First Violation by H Null,11,73.5
"Ultra Rare Trax, Volume 7: Emotion 2000 Remixes",15,71.9
"Ultra Rare Trax, Volume 8: Accapella Mixes",12,71.3
Personal Jesus 2011,5,29.0
Apologize 1999,11,72.1
A Pain That I'm Used To,5,31.6
A Pain That I'm Used To,2,9.8
A Pain That I'm Used To,3,9.5
A Pain That I'm Used To,3,9.5
"Classic Beats, Volume 2",10,59.1
The 12th Strike: The Special 12th Strike,8,73.2
Playing the Angel: Instrumentals,12,53.1
Inside Remixe 2,12,69.5
Speak & Spell,11,39.7
Precious,8,61.7
The 1st Strike: DJ's Revenge,12,71.8
The Singles 81>85,17,69.4
The Singles 81>85,17,69.4
SF/H DM Sampler 04,12,73.8
Dream On,6,36.1
The Remixes 86>98,21,143.2
Suffer Well,2,6.4
Suffer Well,6,37.4
Suffer Well,6,37.4
Suffer Well,3,20.0
Suffer Well,3,20.0
Speak & Spell,12,44.3
Speak & Spell,12,44.3
Speak & Spell,12,44.3
Dream On,2,8.4
"Playing the Angel Remixes, Volume 2",13,80.2
The Unreleased Boxset (A+B: Instrumentals),6,27.2
The Unreleased Boxset (C+D: Weirdo Mixes),5,24.3
The Unreleased Boxset (E+F: 7 Inch B-sides),7,27.0
Songs of Faith and Devotion: Live,10,52.9
Music for the Masses,10,44.0
Music for the Masses,10,44.0
Violator,9,46.6
Violator,9,46.6
Strangelove,4,18.1
Only When I Lose Myself,2,8.3
Precious,1,3.8
Personal Jesus,3,19.1
Precious,6,41.3
The Special 10th Strike,8,51.7
"2006-07-07: Stadion, Stockholm, Sweden",20,105.6
World in My Eyes,3,13.6
World in My Eyes,3,13.6
Leave in Silence,2,7.2
World in My Eyes,3,13.6
A Pain That I'm Used To,2,7.6
John the Revelator,5,33.3
John the Revelator,5,33.3
The Remixes 86>98,10,65.1
John the Revelator / Lilian,2,9.2
Precious Sampler,3,14.2
Touring the Angel: Live in Milan,8,34.6
Condemnation,2,10.0
Everything Counts / Nothing / Sacred / A Question of Lust,4,19.9
"2006-07-13: Waldbühne, Berlin, Germany",20,106.9
"2006-07-15: Festwiese, Leipzig, Germany",20,106.0
"2006-04-27: Shoreline Amphitheatre, Mountainview, CA, USA",18,93.1
"2006-05-21: Nissan Pavillion, Washington, DC, USA",20,105.9
"Rarities, B-Sides & Instrumentals",32,145.2
"2006-05-05: Foro Sol Stadium, Mexico City, Mexico",20,109.7
John the Revelator / Lilian,2,6.9
The Darkest Star,2,15.7
John the Revelator / Lilian,2,6.9
John the Revelator / Lilian,2,9.2
Freelove,4,39.6
Martyr,8,57.7
Precious (disc 1),2,20.2
Precious,2,20.2
Only When I Lose Myself,5,38.3
"2006-08-01: Terra Vibe, Athens, Greece",19,103.4
Music for the Masses,14,62.8
Martyr,3,18.6
"The Best of Depeche Mode, Volume 1",18,74.8
Shake the Disease,6,37.7
Summer Tour '94 CD Sampler,7,36.3
It's Called a Heart,5,29.2
Touring the Angel Live in Milan,25,111.5
Photographic,1,4.7
"2006-07-20: Antic Arena, Nimes, France",20,88.4
Remixes 81...04,37,237.8
Remixes 81...04,37,237.8
Black Celebration,22,88.7
Policy of Truth,3,20.6
Useless,3,22.7
People Are People,3,18.7
Just Can’t Get Enough,3,16.2
Speak & Spell,11,39.7
Remixes 81-04: A Continuous Mix by Mount Sims,1,10.3
A Broken Frame,10,40.9
Some Great Reward,9,40.4
Exciter,13,56.8
Exciter,13,56.8
KROQ Acoustic Christmas 1998 +,14,71.0
Ultra,12,60.2
Ultra,12,60.2
Ultra,12,60.2
Ultra,12,60.2
Enjoy the Silence 04,3,19.8
Remixes 81...04 (disc 3),12,73.7
John the Revelator / Lilian,6,22.5
Exciter,13,56.8
Martyr,10,54.9
Black Celebration,14,54.7
Black Celebration,11,41.0
Black Celebration,11,41.0
A Broken Frame,30,147.2
A Pain That I'm Used To,6,39.4
A Pain That I'm Used To,2,7.6
Policy of Truth,8,46.7
Behind the Wheel,4,19.5
Never Let Me Down Again,4,22.1
"There's More Besides, Volume 1",32,137.6
Playing the Angel Remixes,12,78.9
Deep,8,58.0
Violator: Limited Remix Edition,14,73.2
Violator,9,47.1
The Third Strike,12,70.8
Get the Balance Right,2,8.2
It's Called a Heart,2,8.9
Construction Time Again,28,156.3
Just Can't Get Enough / New Life,2,10.6
Speak & Spell,16,62.2
Remixes 2: 81–11,13,79.0
Dream On,3,15.9
Enjoy the Silence,2,8.3
Barrel of a Gun,2,9.5
It's No Good,3,19.7
Some Great Reward,9,40.4
Songs of Faith and Devotion,10,47.5
John the Revelator / Lilian,3,16.9
Music for the Masses (bonus disc),19,84.5
The 7th Strike,7,66.3
Wrong,1,3.0
Wrong,9,55.5
I Feel Loved,6,46.9
Sounds of the Universe,13,55.5
Wrong,2,9.1
Sounds of the Universe,13,60.8
Violator,9,46.6
Songs of Faith and Devotion,10,47.5
Construction Time Again,10,42.5
Sounds of the Universe,13,60.8
"The Best of Depeche Mode, Volume 1",41,159.8
Some Great Reward,9,40.4
Music for the Masses,10,44.0
Remixes 81...04,37,237.8
Speak & Spell,12,44.3
Ultra,12,60.2
Exciter,13,56.8
A Broken Frame,30,147.2
Freelove,9,67.7
A Pain That I'm Used To,7,43.1
"2006-06-26: The Point, Dublin, Ireland",20,104.9
Everything Counts (In Larger Amounts),3,18.4
Personal Jesus,3,19.1
Some Great Reward,9,40.4
"The Best of Depeche Mode, Volume 1",18,74.8
Depeche Mode Remix Contest Winners,3,18.4
"2009-06-30: Tour of the Universe: Copenhagen, Denmark",22,117.6
Enjoy the Silence,2,8.3
Remixes 2: 81–11,37,209.9
Stripped,2,8.0
I Feel You,4,27.7
Fragile Tension / Hole to Feed,8,46.6
Sounds of the Universe,13,60.8
The Singles 81-85,15,55.1
But Not Tonight,4,21.6
Shame,10,42.8
Exciter,18,73.7
Songs of Faith and Devotion,10,47.5
"2009-08-25: Tour of the Universe: Salt Lake City, UT, USA",21,120.6
Primer,8,36.0
In Your Room,4,23.6
I Feel Loved,2,8.6
Black Celebration,22,88.7
Music for the Masses,10,44.0
Condemnation,2,10.0
Peace,6,36.5
Songs of Faith and Devotion,10,47.5
Remixes 81-04,12,78.9
Strangelove / Nothing,4,24.0
Songs of Faith and Devotion: Live,10,52.9
"Love, in itself",2,8.2
Just Can’t Get Enough,2,6.7
Goodnight Lovers,4,23.4
Songs of Faith and Devotion,10,47.5
Songs of Faith and Devotion,29,157.5
Sounds of the Universe,13,60.8
The Singles 81-85,15,55.1
The Singles 86>98,21,97.4
Violator,9,46.6
Goodnight Lovers,4,23.4
Music for the Masses,14,62.8
Music for the Masses,10,38.1
I Feel Loved,2,19.9
"1999-xx-xx: Enjoy the Rumours: Chicago, IL, USA",13,70.8
Some Great Reward,9,40.4
Black Celebration,14,54.7
Tour of the Universe: Barcelona 20/21.11.09,21,121.6
Tour of the Universe: Barcelona 20/21.11.09,21,121.6
"2009-06-16: Tour of the Universe: Rome, Italy",22,123.3
Construction Time Again,10,42.5
"1983-10-06: Hammersmith Odeon, London, England, UK",1,59.1
"1984-03-06: On the Crest of a Wave: Orfeo Music Hall, Milan, Italy",17,68.2
"1981-06-21: John Peel Session, BBC Radio One, London, England, UK",4,13.1
Walking in My Shoes,2,9.0
Touring the Angel Live in Milan,25,111.5
People Are People,2,7.7
1993-06-01: The Complete Show '93: Live at the Ahoy Rotterdam,19,108.3
Speak & Spell,11,45.0
Construction Time Again,10,49.9
Get the Balance Right!,4,20.5
Dance Hits & Remixes,13,77.9
Tracker Mode,12,56.2
Everything Counts,3,16.5
Megamix,2,24.3
A Pain That I'm Used To,6,26.8
"1993-05-29: Devotional Tour: Stockholm, Sweden",20,110.7
Sounds of the Universe,17,78.3
Tour of the Universe: Barcelona 20/21.11.09 (disc 3: bonus disc),11,49.0
Music for the Masses: Limited Remix Edition,12,71.2
"2010-02-17: Concert for Teenage Cancer Trust: The Royal Albert Hall, London, UK",20,117.3
The 15th Strike: Black Violation,10,70.4
The Special 8th Strike,11,75.8
Netbeat,16,71.4
Strange Mega Dance,15,74.6
Speaking Only,1,14.3
The Interview (Andy Fletcher in conversation),1,26.7
"Fast Fashion, Volume 1",12,71.0
Dance Remixes '99,10,69.3
dm 86>98 Live Cologne (disc 2),11,63.6
Razormaid! The Customize Series II,11,73.5
More of Mode,14,75.5
Netbeat Second Edition,12,71.9
12-inch Remixes by Jonathan McBride,9,71.4
The Remixes,10,67.0
Beautiful Boys,11,46.2
The Second Strike,10,71.2
Violator 2000,15,77.7
"DJ Mix, Volume 3",13,77.9
"Fast Fashion, Volume 3",10,70.3
"Rose Remixes, Volume 5",1,8.2
"Royal Mixes, Volume 1",9,72.7
"Royal Mixes, Volume 2",8,73.6
"Fast Fashion, Volume 5",9,68.6
"Fast Fashion, Volume 4",10,71.8
"Fast Fashion, Volume 2",12,72.3
"The Remixes, Volume 3",11,66.9
Ultra Rare Trax 6 - Millennium Remixes,16,73.6
Prozac Nation \ 1,12,68.8
Violation 15,2,10.6
Mysterious Mixes,10,70.6
Venetian Dreams,14,73.0
Ultra Hot Art (disc 3),12,75.4
New Life,9,42.6
Forgotten Tunes From the Ground,8,71.6
Classic Beats Vol.1 (Classic Remixes),9,73.9
The Razormaid Mixes (disc 1),10,68.2
One Night in Paris,20,114.6
A Broken Frame: Remixed,11,68.6
Sounds of Mode,11,77.4
The 11th Strike,8,66.9
The Singles 86>90,12,53.1
Prozac Nation 2,11,72.7
The Singles Tour (disc 1),14,73.7
Philip's Modern Girl,11,73.1
Nine Killers on Highway 28 (28th Strike),9,72.1
Japanese Radio Sessions,8,74.2
The Special 9th Strike,9,63.4
Toys,17,72.4
"1993-07-31: Crystal Palace Bowl, London, UK",13,70.7
Ultra: Remixes by Ml. Gee,8,73.2
"The Classic Techno Mixes, Volume I",5,61.4
"KROQ Almost Acoustic Christmas (1998-12-12: Los Angeles, CA, USA)",14,71.0
"1994-05-14: Walking in My Boot: San Francisco, CA, USA",16,84.7
"Hysterika (1984-03-06: Orfeo Music Hall, Milan, Italy)",17,71.9
The 29th Strike: Spacer Remixes 1999,9,71.8
23: Electronic Music,12,69.9
B-sides,18,77.4
"Forbidden Fruits, Volume 2: Polished Gold",20,80.1
The Fourth Strike,12,71.8
Greatest Hits,16,72.2
The 12.5th Strike,10,70.1
The 5th Strike,10,74.1
Lost Myself,12,72.7
The Best Of (DVD),23,85.0
Playing the Angel Remixes,13,80.2
Songs of Faith and Devotion: Remix,10,42.6
101,17,74.9
The Singles 86>98,21,97.4
The Singles 86>98,25,130.7
The Singles 86>98,21,97.4
Violator,17,85.9
The Art of Best Remixed Mode,20,143.4
Star Mark Compilation,17,73.2
Ultra,12,60.2
The Singles 81>85,17,69.4
Sounds of the Universe,38,186.0
Peace,2,7.4
A Grey City Under an Orange Sky,11,71.0
X¹,33,225.0
The Unreleased Boxset (G+H: 12 Inch A-sides),5,39.7
X²,46,182.7
Kernfusion 5: Special Edition,14,70.1
Zen,11,59.8
Devotional Tour,19,106.2
A Broken Frame (deluxe version),19,74.6
Ultra,12,60.1
Ultra,31,161.9
Music for the Masses,10,38.1
Personal Jesus 2011,6,32.5
Tour of the Universe: Barcelona 20/21.11.09,21,121.6
Behind the Wheel (remix),2,8.1
Behind the Wheel 2011,3,17.1
Ultra,12,60.2
"The Best of Depeche Mode, Volume 1: Remixes",8,56.9
Remixes 2: 81–11 Sampler,10,58.1
Singles 1-6,21,97.3
"2006-07-02: Touring the Angel: Werchter Festival, Werchter, Belgium",18,92.7
Remixes 2: 81–11,13,79.0
Violator,9,47.1
Policy of Truth,56,329.9
Black Celebration,14,55.1
I Feel You,4,27.7
The Singles 81>85,17,69.4
The Singles 81-85,15,55.1
Personal Jesus 2011,2,7.4
Personal Jesus 2011,4,24.6
Personal Jesus 2011,3,19.3
Studio Sessions & Bare Tracks,8,33.3
Personal Jesus 2011,2,14.4
Personal Jesus 2011,5,29.0
Fragile Tension / Hole to Feed,9,59.7
Fragile Tension / Hole to Feed,10,67.3
Fragile Tension / Hole to Feed,8,46.6
Fragile Tension / Hole to Feed,8,62.8
Sounds of the Universe,13,60.8
Wrong (Remixes),5,29.3
Megamix,2,24.3
Some Great Reward,27,149.6
The Singles 81-85,15,55.1
Never Let Me Down Again,8,39.4
Condemnation: Live...,4,21.8
The Singles 81>98,38,166.8
Live at Hammersmith Odeon,13,57.0
Exciter,24,118.0
The Singles 81>85,13,45.6
Black Celebration,11,41.3
Music for the Masses,10,38.1
Violator,9,46.6
Violator,9,46.6
Violator,9,46.6
Violator,25,147.1
John the Revelator / Lilian,11,77.1
World in My Eyes,3,13.6
Freelove,6,32.9
In Your Room,7,44.5
On the Crest of a Wave,17,72.4
Playing the Angel,12,52.4
"Ultra Rare Trax, Volume 1",12,76.4
Suffer Well,11,59.2
Barrel of a Gun,3,19.6
Suffer Well,2,6.6
Leave in Silence,2,7.2
Suffer Well,2,6.4
A Question of Time,4,23.0
I Feel Loved,2,27.9
Martyr,2,6.5
Leave in Silence,2,7.2
Martyr,6,32.9
Martyr,2,15.7
B-Sides Collected,16,68.5
Reflections (Razormaid Remixes),12,73.9
Happiest Boys,10,67.6
Strangers Interview,1,39.3
Interview Disc,1,39.3
The Singles 86>98,21,97.4
It's No Good (disc 1),4,24.8
Barrel of a Gun,5,32.4
InDaMix,13,78.9
Everything Counts,3,16.5
Digital Razormaids,21,136.4
A Broken Frame,10,40.9
A Question of Lust,6,29.0
A Pain That I'm Used To,5,31.6
A Question of Lust,6,29.0
A Pain That I'm Used To,2,9.8
Barrel of a Gun,5,35.8
A Question of Lust,6,29.0
Enjoy the Silence,4,20.9
I Feel You,4,27.7
Exciter (bonus disc),24,118.0
Playing the Angel,13,57.4
Suffer Well,2,6.4
Behind the Wheel,2,12.2
Martyr,2,9.8
New Life,2,7.5
Shake the Disease,2,8.0
The 6th Strike,9,68.5
The Special 8th Strike,10,70.1
World in My Eyes,3,19.9
Peace,8,51.9
Get the Balance Right! (Combination Mix),3,17.0
"Personal Devotion, Volume One",9,73.7
Speak & Spell,16,62.2
People Are People,2,7.7
I Feel You,2,8.1
Just Can’t Get Enough,2,3.7
Sounds of the Universe,27,72.9
Strangemix / Photogenic Remix / Deathwish Remix,3,22.2
Strangemix / Photogenic Remix / Deathwish Remix,3,22.2
Peace,2,8.8
A Broken Frame,10,40.9
Millennium 33,15,71.4
"Ultra Rare Trax, Volume 3",10,73.9
Some Great Reward Remixes,14,78.4
Personal Jesus,5,27.4
Enjoy the Silence,4,20.9
Some Great Reward,9,40.4
A Question of Time / A Question of Lust,4,23.3
World in My Eyes,4,25.1
Condemnation,7,39.1
People Are People,9,41.0
Strangelove,4,19.7
Behind the Wheel,3,21.8
People Are People (Different mix),2,15.5
Stripped,5,25.0
Dream On,8,37.7
Everything Counts,5,18.6
101,20,95.9
The Singles 81-85,15,55.1
Personal Jesus,2,8.1
Enjoy the Silence,2,8.3
Policy of Truth,2,9.5
I Feel You,2,8.1
"Ultra Rare Trax, Volume 5",12,69.0
Coming Back to You,12,66.7
Cosmic Blues,10,69.6
Triumph der Lust: 13 Forbidden Fruits,13,79.0
Modern Times,12,68.9
"The Best of Depeche Mode, Volume 1",23,105.7
Suffer Well,8,52.2
"Houston Night, Volume 1",10,51.3
Promotional,27,125.3
"Ultra Rare Trax, Volume 4",12,68.8
I Feel You,2,8.1
Negative Images 2,14,59.6
Singles Box: 1-6,243,1362.3
Exciter Remixes,14,77.0
Rareties of Mode,19,79.0
Speak & Spell,29,134.8
Enjoy the Silence,8,41.0
Violated,9,44.2
Refractions,19,121.6
Enjoy the Silence 04,4,30.5
Enjoy the Silence 04,3,19.5
Enjoy the Silence 04,2,8.0
Dream On,8,37.7
Wrong (Remixes),12,75.6
It's No Good (Club 69 Remixes),3,20.8
Fragile Tension (Remixes),7,44.0
Lilian (Remixes),6,39.2
Master and Servant (An On-Usound Science Fiction Dance Hall Classic),3,13.3
Peace,6,33.8
A Pain That I'm Used To,11,55.8
Master and Servant (U.S. Black & Blue version),3,20.5
Perfect (Remixes),10,59.9
Violator,9,46.6
The Singles 86>98,21,97.4
Music for the Masses,10,42.6
I Feel You,4,22.8
In Your Room,4,19.4
Playing the Angel (bonus disc),14,60.4
I Feel You,4,27.7
I Feel You,4,22.8
Playing the Angel,26,112.8
Strangelove,8,41.1
101,20,95.9
Walking in My Shoes,4,24.6
Black Celebration,12,45.5
Policy of Truth,5,31.1
Violator,9,46.6
Music for the Masses,14,62.8
Enjoy the Silence,8,41.0
Catching Up With Depeche Mode,13,52.1
Blasphemous Rumours,3,13.1
Precious,3,18.1
Precious,6,41.3
Black Celebration,11,41.3
World in My Eyes,4,25.1
I Feel You,2,8.1
World in My Eyes,3,13.6
Construction Time Again,10,42.5
"2006-04-30: Las Vegas, NV, USA",20,102.8
"2006-05-04: Foro Sol Stadium, Mexico City, Mexico",20,105.0
"2006-05-07: Arena, Monterrey, Mexico",19,97.4
"2006-06-21: Lokomotiv Stadium, Sofia, Bulgaria",20,106.8
"2006-07-01: Eurockeennes, Belfort, France",18,98.7
A Nice Surprise,30,137.4
Barrel of a Gun,4,24.9
"2006-04-29: Empire Polo Field, Indio, CA, USA",18,97.5
Music for the Masses,10,38.1
Heaven,2,7.5
Heaven (Remixes),5,26.6
Summer Tour 1994,16,89.4
Delta Machine,1,4.0
"Joe's Branding, Volume 3",26,135.8
Songs of Faith and Devotion,10,47.4
Black Celebration,11,41.3
Exciter,13,56.8
Precious,2,10.0
101,19,91.0
Songs of Faith and Devotion,10,47.5
Violator,9,46.6
Policy of Truth,2,9.4
Heaven,5,26.7
Little 15,3,14.4
Violator 2000,12,54.5
Une Nuit a la Mode,20,106.5
Heavens in Motion,14,73.4
Heaven,2,7.5
Some Great Reward,17,78.2
